meme type,url
catchphrase,/memes/me-and-the-boys
catchphrase,/memes/slaps-chicken-at-327595-mph
catchphrase,/memes/ok-boomer
catchphrase,/memes/thank-you-kanye-very-cool
catchphrase,/memes/oh-fuck-yeah-spread-it
catchphrase,/memes/perfectly-balanced
catchphrase,/memes/big-chungus
catchphrase,/memes/people-who-thank-the-bus-driver
catchphrase,/memes/delete-this-nephew
catchphrase,/memes/oh-no-baby-what-is-you-doin
catchphrase,/memes/cash-me-ousside-howbow-dah
catchphrase,/memes/jugheads-im-weird-speech
catchphrase,/memes/buenos-dias-mandy
catchphrase,/memes/england-is-my-city
catchphrase,/memes/right-in-front-of-my-salad
catchphrase,/memes/borutos-dad
catchphrase,/memes/swearing-on-a-christian-server
catchphrase,/memes/first-of-all
catchphrase,/memes/guys-literally-only-want-one-thing-and-its-fucking-disgusting
catchphrase,/memes/dilly-dilly
catchphrase,/memes/somebody-toucha-my-spaghet
catchphrase,/memes/but-can-you-do-this
catchphrase,/memes/okay-this-is-epic
catchphrase,/memes/so-much-for-the-tolerant-left
catchphrase,/memes/theyre-good-dogs-brent
catchphrase,/memes/crash-bandicoot-woah
catchphrase,/memes/j-cole-went-platinum-with-no-features
catchphrase,/memes/05x-a-presses-but-first-we-need-to-talk-about-parallel-universes
catchphrase,/memes/damn-daniel
catchphrase,/memes/did-you-just-assume-my-gender
catchphrase,/memes/we-are-number-one
catchphrase,/memes/if-young-metro-dont-trust-you
catchphrase,/memes/i-have-crippling-depression
catchphrase,/memes/hold-the-door
catchphrase,/memes/me-too-thanks
catchphrase,/memes/make-america-great-again
catchphrase,/memes/we-wuz-kings
catchphrase,/memes/another-one
catchphrase,/memes/congratulations-you-played-yourself
catchphrase,/memes/its-time-to-stop
catchphrase,/memes/dude-weed-lmao
catchphrase,/memes/dont-talk-to-me-or-my-son-ever-again
catchphrase,/memes/press-f-to-pay-respects
catchphrase,/memes/i-showed-you-my-dick-please-respond
catchphrase,/memes/jenny-death-when
catchphrase,/memes/my-name-is-jeff
catchphrase,/memes/its-just-a-prank
catchphrase,/memes/you-mean-the-chaos-emeralds
catchphrase,/memes/why-are-we-still-here-just-to-suffer
catchphrase,/memes/slide-into-your-dms
catchphrase,/memes/it-was-at-this-moment-he-knew-he-fucked-up
catchphrase,/memes/i-woke-up-like-this
catchphrase,/memes/on-all-levels-except-physical-i-am-a-wolf
catchphrase,/memes/there-are-two-types-of-people
catchphrase,/memes/you-know-nothing-jon-snow
catchphrase,/memes/pepperidge-farm-remembers
catchphrase,/memes/its-gonna-be-may
catchphrase,/memes/i-want-to-cum-inside-rainbow-dash
catchphrase,/memes/how-do-you-do-fellow-kids
catchphrase,/memes/420-blaze-it
catchphrase,/memes/ow-the-edge
catchphrase,/memes/raise-your-dongers
catchphrase,/memes/first-world-problems
catchphrase,/memes/ive-seen-enough-hentai-to-know-where-this-is-going
catchphrase,/memes/bronyspeak
catchphrase,/memes/what-a-time-to-be-alive
catchphrase,/memes/cave-johnson-combustible-lemons
catchphrase,/memes/hodor
catchphrase,/memes/fake-and-gay
catchphrase,/memes/i-am-the-one-who-knocks
catchphrase,/memes/i-have-the-weirdest-boner
catchphrase,/memes/weaponized-autism
catchphrase,/memes/based-god
catchphrase,/memes/that-really-rustled-my-jimmies
catchphrase,/memes/no1curr
catchphrase,/memes/its-free-real-estate
catchphrase,/memes/give-her-the-dick
catchphrase,/memes/bazinga
catchphrase,/memes/elf-on-the-shelf
catchphrase,/memes/james-doakes-surprise-motherfucker
snowclone,/memes/me-and-the-boys
snowclone,/memes/30-year-old-boomer
snowclone,/memes/this-is-so-sad-alexa-play-despacito
snowclone,/memes/nobody
snowclone,/memes/first-of-all
snowclone,/memes/youve-heard-of-the-elf-on-the-shelf
snowclone,/memes/rain-drop-drop-top
snowclone,/memes/i-showed-you-my-dick-please-respond
snowclone,/memes/slaps-roof-of-car
snowclone,/memes/imminent-ned-brace-yourselves-winter-is-coming
snowclone,/memes/it-will-be-fun-they-said
snowclone,/memes/no-items-fox-only-final-destination
snowclone,/memes/but-can-it-run-crysis
snowclone,/memes/inb4--2
snowclone,/memes/bitches-love-smiley-faces
snowclone,https://knowyourmeme.com/memes/one-does-not-simply-walk-into-mordor
snowclone,/memes/sneeds-feed-and-seed
emoticon,/memes/you-so-precious-when-you-smile
emoticon,/memes/jebaited
emoticon,/memes/lul
emoticon,/memes/twitch-emotes
emoticon,/memes/i-lived-bitch
emoticon,/memes/%E0%BC%BC-%E3%81%A4-%E2%97%95_%E2%97%95-%E0%BC%BD%E3%81%A4ameno%E0%BC%BC-%E3%81%A4-%E2%97%95_%E2%97%95-%E0%BC%BD%E3%81%A4
emoticon,/memes/%CD%A1-%CD%9C%CA%96-%CD%A1-lenny-face
emoticon,/memes/frankerz
emoticon,/memes/raise-your-dongers
emoticon,/memes/eggplant-emoji-%F0%9F%8D%86
emoticon,/memes/flipping-tables-%E2%95%AF%E2%96%A1%E2%95%AF%EF%B8%B5-%E2%94%BB%E2%94%81%E2%94%BB
emoticon,/memes/iphone-whale
emoticon,/memes/kreygasm
emoticon,/memes/kappa
emoticon,/memes/crying-laughing-emoji-%F0%9F%98%82
emoticon,/memes/peach-emoji-%F0%9F%8D%91
emoticon,/memes/b-button-emoji-%F0%9F%85%B1
emoticon,/memes/%E0%B2%A0_%E0%B2%A0-look-of-disapproval
emoticon,/memes/uwu
emoticon,/memes/dorito-face
slang,/memes/big-dick-energy
slang,/memes/this-aint-it-chief
slang,/memes/chonk-oh-lawd-he-comin
slang,/memes/fake-news--3
slang,/memes/student-athlete-stem-major
slang,/memes/thrussy
slang,/memes/covfefe
slang,/memes/virgin-vs-chad
slang,/memes/whomst
slang,/memes/first-of-all
slang,/memes/what-in-tarnation
slang,/memes/absolute-unit
slang,/memes/brainlet
slang,/memes/stonks
slang,/memes/bode
slang,/memes/hey-beter
slang,/memes/whoppy-machine-broke
slang,/memes/milkshake-duck
slang,/memes/oh-worm
slang,/memes/hewwo
slang,/memes/youre-mom-gay
slang,/memes/karen
slang,/memes/smol
slang,/memes/netflix-and-chill
slang,/memes/suh-dude
slang,/memes/we-wuz-kings
slang,/memes/send-nudes
slang,/memes/doggo
slang,/memes/dank-memes
slang,/memes/reeeeeee
slang,/memes/sea-lioning
slang,/memes/succ
slang,/memes/shidding-and-farding
slang,/memes/gratata
slang,/memes/anime-tiddies
slang,/memes/yeet
slang,/memes/yaass
slang,/memes/slide-into-your-dms
slang,/memes/cringeworthy
slang,/memes/doge
slang,/memes/cummies
slang,/memes/i-woke-up-like-this
slang,/memes/if-you-know-what-i-mean
slang,/memes/thot
slang,/memes/ermahgerd
slang,/memes/bronyspeak
slang,/memes/rekt
slang,/memes/murica
slang,/memes/aesthetic
slang,/memes/i-know-that-feel-bro
slang,/memes/the-mandela-effect
slang,/memes/curlbro
slang,/memes/fuck-yea
slang,/memes/dont-dead-open-inside
slang,/memes/implying-implying-implications
slang,/memes/spoopy
slang,/memes/basic-bitch
slang,/memes/bikini-bridge
slang,/memes/mansplaining
slang,/memes/chinese-cartoons
slang,/memes/normie
slang,/memes/the-glorious-pc-gaming-master-race
slang,/memes/git-gud
slang,/memes/bro-fist
slang,/memes/i-accidentally
slang,/memes/3dpd
slang,/memes/onii-chan
slang,/memes/zucked
slang,/memes/cancer
slang,/memes/calm-your-tits
slang,/memes/fag-suffix
slang,/memes/cuck
slang,/memes/inb4--2
slang,/memes/edgy
slang,/memes/clickbait
slang,/memes/vagina-bones
slang,/memes/turnt
slang,/memes/ear-rape
slang,/memes/hon-hon-hon
slang,/memes/squad
hashtag,/memes/metoo
hashtag,/memes/you-so-precious-when-you-smile
hashtag,/memes/niggernavy
hashtag,/memes/notmyrodrick
hashtag,/memes/kylie-jenner-challenge
hashtag,/memes/netflix-and-chill
hashtag,/memes/woke
hashtag,/memes/feelingnuts
hashtag,/memes/slide-into-your-dms
hashtag,/memes/mamming
hashtag,/memes/first-world-problems
hashtag,/memes/rekt
hashtag,/memes/james-doakes-surprise-motherfucker
hashtag,/memes/salty
quote,/memes/jugheads-im-weird-speech
quote,/memes/mission-report-december-16th-1991
quote,/memes/they-ask-you-how-you-are-and-you-say-that-youre-fine
quote,/memes/witness-me
quote,/memes/justice-rains-from-above
quote,/memes/gratata
quote,/memes/i-came-out-to-have-a-good-time-and-im-honestly-feeling-so-attacked-right-now
quote,/memes/graphic-design-is-my-passion
quote,/memes/dont-talk-to-me-or-my-son-ever-again
quote,/memes/when-gotham-is-ashes-you-have-my-permission-to-die
quote,/memes/fuck-me-right
quote,/memes/i-too-like-to-live-dangerously
quote,/memes/you-know-nothing-jon-snow
quote,/memes/everyone-loses-their-minds
quote,/memes/bold-move-cotton
quote,/memes/dr-evil-air-quotes
quote,/memes/it-was-me-dio
quote,/memes/you-keep-using-that-word-i-do-not-think-it-means-what-you-think-it-means
quote,/memes/baneposting
quote,/memes/anythings-a-dildo-if-youre-brave-enough
quote,/memes/portal-2-space-personality-core
quote,/memes/true-story
quote,/memes/subcultures/cyberbully
quote,/memes/futurama-zoidberg-why-not-zoidberg
quote,/memes/i-took-an-arrow-in-the-knee
quote,/memes/they-don-t-think-it-be-like-it-is-but-it-do
quote,/memes/carl
quote,/memes/assuming-control
quote,/memes/press-x-to-jason
quote,/memes/release-the-kraken
quote,/memes/dun-dun
quote,/memes/subcultures/inception
quote,/memes/shut-up-and-take-my-money
quote,/memes/i-have-the-weirdest-boner
quote,/memes/give-her-the-dick
quote,/memes/what-is-this-a-center-for-ants
quote,/memes/ramirez-do-everything
quote,/memes/are-you-not-entertained
quote,/memes/james-doakes-surprise-motherfucker
quote,/memes/how-can-she-slap
quote,/memes/you-either-die-a-hero-or-you-live-long-enough-to-see-yourself-become-the-villain
quote,/memes/mega-milk-titty-monster
quote,/memes/jesus-man
quote,/memes/shut-down-everything
quote,/memes/i-drink-your-milkshake
quote,/memes/a-challenger-appears
quote,/memes/oh-man-oh-god
quote,/memes/you-were-the-chosen-one
quote,/memes/the-cake-is-a-lie
quote,/memes/shut-up-grandma-drink-your-prune-juice
quote,/memes/you-must-construct-additional-pylons
quote,/memes/theyre-eating-her
quote,/memes/why-you-heff-to-be-mad
quote,/memes/this-is-sparta
quote,/memes/garbage-day
quote,/memes/bitches-love-smiley-faces
quote,/memes/howd-it-get-burned
quote,/memes/oh-im-sorry-i-thought-this-was-america
quote,/memes/its-a-fake
quote,/memes/subcultures/snakes-on-a-plane
quote,/memes/you-are-not-the-father
quote,/memes/darth-vaders-noooooooooooo
quote,/memes/a-winner-is-you
quote,/memes/are-you-a-bad-enough-dude
quote,/memes/some-days-you-just-cant-get-rid-of-a-bomb
quote,/memes/follow-the-damn-train-cj
quote,/memes/its-dangerous-to-go-alone-take-this
quote,/memes/i-believe-you-have-my-stapler
quote,/memes/yaranaika-やらないか
quote,/memes/i-don-t-know-what-i-expected
quote,/memes/subcultures/the-room
quote,/memes/shit-just-got-real
quote,/memes/nigga-stole-my-bike
quote,/memes/its-a-trap
quote,/memes/one-does-not-simply-walk-into-mordor
quote,/memes/there-is-no-dana-only-zuul
quote,/memes/and-welcome-to-jackass
quote,/memes/im-going-to-build-my-own-theme-park-with-blackjack-and-hookers
quote,/memes/all-your-base-are-belong-to-us
quote,/memes/we-cant-stop-here-this-is-bat-country
engrish,/memes/henlo
engrish,/memes/hewwo
engrish,/memes/born-to-die-world-is-a-fuck-kill-em-all-1989-i-am-trash-man-410757864530-dead-cops
engrish,/memes/does-bruno-mars-is-gay
engrish,/memes/john-is-kill
engrish,/memes/pls-rember-that-wen-u-feel-scare-wen-day-is-dark-alway-rember-happy-day
engrish,/memes/impossibru
engrish,/memes/girugamesh
engrish,/memes/then-who-was-phone
engrish,/memes/series-of-tubes
engrish,/memes/how-is-babby-formed
engrish,/memes/do-want-do-not-want
engrish,/memes/speedycat
engrish,/memes/a-winner-is-you
engrish,/memes/a-master-is-out
engrish,/memes/om-nom-nom-nom
engrish,/memes/how-do-i-shot-web
engrish,/memes/i-kiss-you
engrish,/memes/all-your-base-are-belong-to-us
engrish,/memes/engrish
engrish,/memes/i-am-error
copypasta,/memes/gonna-cry-gonna-piss-your-pants-maybe
copypasta,/memes/oopsie-woopsie
copypasta,/memes/mesothelioma-ad-copypasta
copypasta,/memes/cracking-open-a-cold-one-with-the-boys
copypasta,/memes/emojipasta
copypasta,/memes/joel-skype
copypasta,/memes/me-too-thanks
copypasta,/memes/marine-todd
copypasta,/memes/i-sexually-identify-as-an-attack-helicopter
copypasta,/memes/intelligent-nihilistic-and-with-a-wicked-sense-of-humor
copypasta,/memes/shrek-is-love-shrek-is-life
copypasta,/memes/gr8-b8-m8
copypasta,/memes/cummies
copypasta,/memes/call-me-maybe
copypasta,/memes/moms-spaghetti
copypasta,/memes/john-is-kill
copypasta,/memes/you-have-been-spooked-by-the-spooky-skeleton
copypasta,/memes/i-saw-flying-lotus-in-a-grocery-store-copypasta
copypasta,/memes/pls-rember-that-wen-u-feel-scare-wen-day-is-dark-alway-rember-happy-day
copypasta,/memes/pee-is-stored-in-the-balls
copypasta,/memes/burger-king-foot-lettuce
copypasta,/memes/whos-getting-the-best-head
copypasta,/memes/navy-seal-copypasta
copypasta,/memes/sometimes-i-just-want-to-copy-someone-elses-status
copypasta,/memes/lavender-town-syndrome-creepypasta
copypasta,/memes/spaghetti-stories
copypasta,/memes/burst-into-treats
copypasta,/memes/ken-sama
copypasta,/memes/i-hate-my-job
copypasta,/memes/this-is-bob
copypasta,/memes/bro-fist
copypasta,/memes/then-who-was-phone
copypasta,/memes/smilejpg
copypasta,/memes/subcultures/bee-movie
copypasta,/memes/shit-was-so-cash--2
copypasta,/memes/creepypasta
copypasta,/memes/katy-t3h-pengu1n-of-d00m
copypasta,/memes/copypasta
copypasta,/memes/boku-no-pico
copypasta,/memes/the-tragedy-of-darth-plagueis-the-wise
copypasta,/memes/big-smokes-order
copypasta,/memes/george-zimmer-i-guarantee-it
copypasta,/memes/unlimited-blade-works
copypasta,/memes/bel-air-fresh-prince
copypasta,/memes/aoccdrnig-to-rscheearch
copypasta,/memes/piero-scaruffi-beatles-commentary
copypasta,/memes/gary-oak
