meme type,url,meme
quote,/memes/jugheads-im-weird-speech,jugheads im weird speech
quote,/memes/mission-report-december-16th-1991,mission report december 16th 1991
quote,/memes/they-ask-you-how-you-are-and-you-say-that-youre-fine,they ask you how you are and you say that youre fine
quote,/memes/witness-me,witness me
quote,/memes/justice-rains-from-above,justice rains from above
quote,/memes/gratata,gratata
quote,/memes/i-came-out-to-have-a-good-time-and-im-honestly-feeling-so-attacked-right-now,i came out to have a good time and im honestly feeling so attacked right now
quote,/memes/graphic-design-is-my-passion,graphic design is my passion
quote,/memes/dont-talk-to-me-or-my-son-ever-again,dont talk to me or my son ever again
quote,/memes/when-gotham-is-ashes-you-have-my-permission-to-die,when gotham is ashes you have my permission to die
quote,/memes/fuck-me-right,fuck me right
quote,/memes/i-too-like-to-live-dangerously,i too like to live dangerously
quote,/memes/you-know-nothing-jon-snow,you know nothing jon snow
quote,/memes/everyone-loses-their-minds,everyone loses their minds
quote,/memes/bold-move-cotton,bold move cotton
quote,/memes/dr-evil-air-quotes,dr evil air quotes
quote,/memes/it-was-me-dio,it was me dio
quote,/memes/you-keep-using-that-word-i-do-not-think-it-means-what-you-think-it-means,you keep using that word i do not think it means what you think it means
quote,/memes/baneposting,baneposting
quote,/memes/anythings-a-dildo-if-youre-brave-enough,anythings a dildo if youre brave enough
quote,/memes/portal-2-space-personality-core,portal 2 space personality core
quote,/memes/true-story,true story
quote,/memes/subcultures/cyberbully,subcultures/cyberbully
quote,/memes/futurama-zoidberg-why-not-zoidberg,futurama zoidberg why not zoidberg
quote,/memes/i-took-an-arrow-in-the-knee,i took an arrow in the knee
quote,/memes/they-don-t-think-it-be-like-it-is-but-it-do,they don t think it be like it is but it do
quote,/memes/carl,carl
quote,/memes/assuming-control,assuming control
quote,/memes/press-x-to-jason,press x to jason
quote,/memes/release-the-kraken,release the kraken
quote,/memes/dun-dun,dun dun
quote,/memes/subcultures/inception,subcultures/inception
quote,/memes/shut-up-and-take-my-money,shut up and take my money
quote,/memes/i-have-the-weirdest-boner,i have the weirdest boner
quote,/memes/give-her-the-dick,give her the dick
quote,/memes/what-is-this-a-center-for-ants,what is this a center for ants
quote,/memes/ramirez-do-everything,ramirez do everything
quote,/memes/are-you-not-entertained,are you not entertained
quote,/memes/james-doakes-surprise-motherfucker,james doakes surprise motherfucker
quote,/memes/how-can-she-slap,how can she slap
quote,/memes/you-either-die-a-hero-or-you-live-long-enough-to-see-yourself-become-the-villain,you either die a hero or you live long enough to see yourself become the villain
quote,/memes/mega-milk-titty-monster,mega milk titty monster
quote,/memes/jesus-man,jesus man
quote,/memes/shut-down-everything,shut down everything
quote,/memes/i-drink-your-milkshake,i drink your milkshake
quote,/memes/a-challenger-appears,a challenger appears
quote,/memes/oh-man-oh-god,oh man oh god
quote,/memes/you-were-the-chosen-one,you were the chosen one
quote,/memes/the-cake-is-a-lie,the cake is a lie
quote,/memes/shut-up-grandma-drink-your-prune-juice,shut up grandma drink your prune juice
quote,/memes/you-must-construct-additional-pylons,you must construct additional pylons
quote,/memes/theyre-eating-her,theyre eating her
quote,/memes/why-you-heff-to-be-mad,why you heff to be mad
quote,/memes/this-is-sparta,this is sparta
quote,/memes/garbage-day,garbage day
quote,/memes/bitches-love-smiley-faces,bitches love smiley faces
quote,/memes/howd-it-get-burned,howd it get burned
quote,/memes/oh-im-sorry-i-thought-this-was-america,oh im sorry i thought this was america
quote,/memes/its-a-fake,its a fake
quote,/memes/subcultures/snakes-on-a-plane,subcultures/snakes on a plane
quote,/memes/you-are-not-the-father,you are not the father
quote,/memes/darth-vaders-noooooooooooo,darth vaders noooooooooooo
quote,/memes/a-winner-is-you,a winner is you
quote,/memes/are-you-a-bad-enough-dude,are you a bad enough dude
quote,/memes/some-days-you-just-cant-get-rid-of-a-bomb,some days you just cant get rid of a bomb
quote,/memes/follow-the-damn-train-cj,follow the damn train cj
quote,/memes/its-dangerous-to-go-alone-take-this,its dangerous to go alone take this
quote,/memes/i-believe-you-have-my-stapler,i believe you have my stapler
quote,/memes/yaranaika-やらないか,yaranaika やらないか
quote,/memes/i-don-t-know-what-i-expected,i don t know what i expected
quote,/memes/subcultures/the-room,subcultures/the room
quote,/memes/shit-just-got-real,shit just got real
quote,/memes/nigga-stole-my-bike,nigga stole my bike
quote,/memes/its-a-trap,its a trap
quote,/memes/one-does-not-simply-walk-into-mordor,one does not simply walk into mordor
quote,/memes/there-is-no-dana-only-zuul,there is no dana only zuul
quote,/memes/and-welcome-to-jackass,and welcome to jackass
quote,/memes/im-going-to-build-my-own-theme-park-with-blackjack-and-hookers,im going to build my own theme park with blackjack and hookers
quote,/memes/all-your-base-are-belong-to-us,all your base are belong to us
quote,/memes/we-cant-stop-here-this-is-bat-country,we cant stop here this is bat country
engrish,/memes/henlo,henlo
engrish,/memes/hewwo,hewwo
engrish,/memes/born-to-die-world-is-a-fuck-kill-em-all-1989-i-am-trash-man-410757864530-dead-cops,born to die world is a fuck kill em all 1989 i am trash man 410757864530 dead cops
engrish,/memes/does-bruno-mars-is-gay,does bruno mars is gay
engrish,/memes/john-is-kill,john is kill
engrish,/memes/pls-rember-that-wen-u-feel-scare-wen-day-is-dark-alway-rember-happy-day,pls rember that wen u feel scare wen day is dark alway rember happy day
engrish,/memes/impossibru,impossibru
engrish,/memes/girugamesh,girugamesh
engrish,/memes/then-who-was-phone,then who was phone
engrish,/memes/series-of-tubes,series of tubes
engrish,/memes/how-is-babby-formed,how is babby formed
engrish,/memes/do-want-do-not-want,do want do not want
engrish,/memes/speedycat,speedycat
engrish,/memes/a-master-is-out,a master is out
engrish,/memes/om-nom-nom-nom,om nom nom nom
engrish,/memes/how-do-i-shot-web,how do i shot web
engrish,/memes/i-kiss-you,i kiss you
engrish,/memes/engrish,engrish
engrish,/memes/i-am-error,i am error
rage-comics,/memes/differenze-linguistiche,differenze linguistiche
rage-comics,/memes/he-will-never-have-a-girlfriend,he will never have a girlfriend
rage-comics,/memes/not-bad-obama-face,not bad obama face
rage-comics,/memes/oh-god-why,oh god why
rage-comics,/memes/im-watching-you,im watching you
rage-comics,/memes/what-year-is-it,what year is it
rage-comics,/memes/youwhat-have-you-done,youwhat have you done
rage-comics,/memes/are-you-fucking-kidding-me,are you fucking kidding me
rage-comics,/memes/poker-face,poker face
rage-comics,/memes/oh-crap-omg-rage-face,oh crap omg rage face
rage-comics,/memes/sites/cuanto-cabron,sites/cuanto cabron
rage-comics,/memes/amazed-face,amazed face
rage-comics,/memes/derpina,derpina
rage-comics,/memes/sweet-jesus-face,sweet jesus face
rage-comics,/memes/trollface,trollface
rage-comics,/memes/sites/ms-paint,sites/ms paint
reaction,/memes/nobody,nobody
reaction,/memes/blinking-white-guy,blinking white guy
reaction,/memes/its-so-fucking-big,its so fucking big
reaction,/memes/oh-no-baby-what-is-you-doin,oh no baby what is you doin
reaction,/memes/oh-fuck-put-it-back-in,oh fuck put it back in
reaction,/memes/hey-there-demons,hey there demons
reaction,/memes/jazz-music-stops,jazz music stops
reaction,/memes/this-is-fine,this is fine
reaction,/memes/pacha-edits-when-the-sun-hits-that-ridge-just-right,pacha edits when the sun hits that ridge just right
reaction,/memes/confused-mr-krabs-when-you-wake-up-from-a-nap,confused mr krabs when you wake up from a nap
reaction,/memes/sad-affleck,sad affleck
reaction,/memes/trigglypuff,trigglypuff
reaction,/memes/i-have-crippling-depression,i have crippling depression
reaction,/memes/conceited-reaction,conceited reaction
reaction,/memes/roll-safe,roll safe
reaction,/memes/spanish-laughing-guy-el-risitas-interview-parodies,spanish laughing guy el risitas interview parodies
reaction,/memes/kocoum-reaction-gifs,kocoum reaction gifs
reaction,/memes/magikarp-guy,magikarp guy
reaction,/memes/when-your-parents-ask-where-all-your-money-went,when your parents ask where all your money went
reaction,/memes/its-time-to-stop,its time to stop
reaction,/memes/congratulations-you-played-yourself,congratulations you played yourself
reaction,/memes/drakeposting,drakeposting
reaction,/memes/shadman,shadman
reaction,/memes/ashley-wagner-s-angry-face,ashley wagner s angry face
reaction,/memes/selena-gomez-crying,selena gomez crying
reaction,/memes/confused-black-girl,confused black girl
reaction,/memes/miguel-herreras-goal-reaction,miguel herreras goal reaction
reaction,/memes/yee,yee
reaction,/memes/bruh,bruh
reaction,/memes/200-mad,200 mad
reaction,/memes/matthew-mcconaughey-reaction-videos,matthew mcconaughey reaction videos
reaction,/memes/spongegar-primitive-sponge-caveman-spongebob,spongegar primitive sponge caveman spongebob
reaction,/memes/confused-nick-young,confused nick young
reaction,/memes/trying-to-hold-a-fart-next-to-a-cute-girl-in-class,trying to hold a fart next to a cute girl in class
reaction,/memes/absolutely-haram,absolutely haram
reaction,/memes/they-had-us-in-the-first-half,they had us in the first half
reaction,/memes/brent-rambo,brent rambo
reaction,/memes/events/2014-miss-america-twitter-backlash,events/2014 miss america twitter backlash
reaction,/memes/antonio-banderas-laptop-reaction,antonio banderas laptop reaction
reaction,/memes/side-eyeing-chloe,side eyeing chloe
reaction,/memes/heard-you-were-talking-shit,heard you were talking shit
reaction,/memes/nutted-but-she-still-sucking,nutted but she still sucking
reaction,/memes/vince-mcmahon-reaction,vince mcmahon reaction
reaction,/memes/trying-to-get-my-grades-up,trying to get my grades up
reaction,/memes/javert-reaction-gifs,javert reaction gifs
reaction,/memes/sensible-chuckle,sensible chuckle
reaction,/memes/look-at-me-im-the-captain-now,look at me im the captain now
reaction,/memes/persian-cat-room-guardian,persian cat room guardian
reaction,/memes/what-should-we-call-me,what should we call me
reaction,/memes/u-wot-m8,u wot m8
reaction,/memes/you-tried,you tried
reaction,/memes/annoyed-picard,annoyed picard
reaction,/memes/kill-yourself,kill yourself
reaction,/memes/zeldas-response,zeldas response
reaction,/memes/apply-cold-water-to-that-burn,apply cold water to that burn
reaction,/memes/mah-nigga,mah nigga
reaction,/memes/see-nobody-cares,see nobody cares
reaction,/memes/i-understood-that-reference,i understood that reference
reaction,/memes/listen-here-you-little-shit,listen here you little shit
reaction,/memes/smug-anime-face,smug anime face
reaction,/memes/its-an-older-meme-but-it-checks-out,its an older meme but it checks out
reaction,/memes/how-do-you-do-fellow-kids,how do you do fellow kids
reaction,/memes/male-tears,male tears
reaction,/memes/you-must-be-new-here,you must be new here
reaction,/memes/if-you-know-what-i-mean,if you know what i mean
reaction,/memes/events/mass-effect-3-endings-reception,events/mass effect 3 endings reception
reaction,/memes/how-to-shut-down-a-ho,how to shut down a ho
reaction,/memes/it-s-still-shitposting-even-if-you-are-being-ironic,it s still shitposting even if you are being ironic
reaction,/memes/skull-trumpet-doot-doot,skull trumpet doot doot
reaction,/memes/just-go-on-the-internet-and-tell-lies,just go on the internet and tell lies
reaction,/memes/that-s-the-evilest-thing-i-can-imagine,that s the evilest thing i can imagine
reaction,/memes/top-gun-hat,top gun hat
reaction,/memes/sweating-towel-guy,sweating towel guy
reaction,/memes/subcultures/dont-hug-me-im-scared,subcultures/dont hug me im scared
reaction,/memes/you-have-no-power-here,you have no power here
reaction,/memes/thats-a-penis,thats a penis
reaction,/memes/that-is-my-fetish,that is my fetish
expression,/memes/netflix-and-chill,netflix and chill
expression,/memes/bae-come-over,bae come over
expression,/memes/ayy-lmao,ayy lmao
expression,/memes/there-are-two-types-of-people,there are two types of people
expression,/memes/on-my-way-to-steal-yo-girl,on my way to steal yo girl
expression,/memes/wew-lad,wew lad
expression,/memes/bitches-be-like,bitches be like
expression,/memes/majestic-as-fuck,majestic as fuck
expression,/memes/kappa,kappa
expression,/memes/thats-enough-internet-for-today,thats enough internet for today
expression,/memes/resting-bitch-face,resting bitch face
expression,/memes/yeah-science-bitch,yeah science bitch
expression,/memes/y-u-do-dis,y u do dis
expression,/memes/ahegaokin-アヘ顔菌,ahegaokin アヘ顔菌
expression,/memes/gununu-ぐぬぬ,gununu ぐぬぬ
expression,/memes/i-can-t-even,i can t even
expression,/memes/wait-for-it,wait for it
expression,/memes/circle-jerk,circle jerk
expression,/memes/special-snowflake,special snowflake
expression,/memes/mic-drop,mic drop
copypasta,/memes/gonna-cry-gonna-piss-your-pants-maybe,gonna cry gonna piss your pants maybe
copypasta,/memes/oopsie-woopsie,oopsie woopsie
copypasta,/memes/mesothelioma-ad-copypasta,mesothelioma ad copypasta
copypasta,/memes/cracking-open-a-cold-one-with-the-boys,cracking open a cold one with the boys
copypasta,/memes/emojipasta,emojipasta
copypasta,/memes/joel-skype,joel skype
copypasta,/memes/me-too-thanks,me too thanks
copypasta,/memes/marine-todd,marine todd
copypasta,/memes/i-sexually-identify-as-an-attack-helicopter,i sexually identify as an attack helicopter
copypasta,/memes/intelligent-nihilistic-and-with-a-wicked-sense-of-humor,intelligent nihilistic and with a wicked sense of humor
copypasta,/memes/shrek-is-love-shrek-is-life,shrek is love shrek is life
copypasta,/memes/gr8-b8-m8,gr8 b8 m8
copypasta,/memes/cummies,cummies
copypasta,/memes/call-me-maybe,call me maybe
copypasta,/memes/moms-spaghetti,moms spaghetti
copypasta,/memes/you-have-been-spooked-by-the-spooky-skeleton,you have been spooked by the spooky skeleton
copypasta,/memes/i-saw-flying-lotus-in-a-grocery-store-copypasta,i saw flying lotus in a grocery store copypasta
copypasta,/memes/pee-is-stored-in-the-balls,pee is stored in the balls
copypasta,/memes/burger-king-foot-lettuce,burger king foot lettuce
copypasta,/memes/whos-getting-the-best-head,whos getting the best head
copypasta,/memes/navy-seal-copypasta,navy seal copypasta
copypasta,/memes/sometimes-i-just-want-to-copy-someone-elses-status,sometimes i just want to copy someone elses status
copypasta,/memes/lavender-town-syndrome-creepypasta,lavender town syndrome creepypasta
copypasta,/memes/spaghetti-stories,spaghetti stories
copypasta,/memes/burst-into-treats,burst into treats
copypasta,/memes/ken-sama,ken sama
copypasta,/memes/i-hate-my-job,i hate my job
copypasta,/memes/this-is-bob,this is bob
copypasta,/memes/bro-fist,bro fist
copypasta,/memes/smilejpg,smilejpg
copypasta,/memes/subcultures/bee-movie,subcultures/bee movie
copypasta,/memes/shit-was-so-cash--2,shit was so cash  2
copypasta,/memes/creepypasta,creepypasta
copypasta,/memes/katy-t3h-pengu1n-of-d00m,katy t3h pengu1n of d00m
copypasta,/memes/copypasta,copypasta
copypasta,/memes/boku-no-pico,boku no pico
copypasta,/memes/the-tragedy-of-darth-plagueis-the-wise,the tragedy of darth plagueis the wise
copypasta,/memes/big-smokes-order,big smokes order
copypasta,/memes/george-zimmer-i-guarantee-it,george zimmer i guarantee it
copypasta,/memes/unlimited-blade-works,unlimited blade works
copypasta,/memes/bel-air-fresh-prince,bel air fresh prince
copypasta,/memes/aoccdrnig-to-rscheearch,aoccdrnig to rscheearch
copypasta,/memes/piero-scaruffi-beatles-commentary,piero scaruffi beatles commentary
copypasta,/memes/gary-oak,gary oak
catchphrase,/memes/guys-literally-only-want-one-thing-and-its-fucking-disgusting,guys literally only want one thing and its fucking disgusting
catchphrase,/memes/saturdays-are-for-the-boys,saturdays are for the boys
catchphrase,/memes/down-with-cis,down with cis
catchphrase,/memes/another-one,another one
catchphrase,/memes/when-u-mom-com-home-and-make-hte-spagheti,when u mom com home and make hte spagheti
catchphrase,/memes/hey-girls-did-you-know,hey girls did you know
catchphrase,/memes/events/you-didnt-build-that,events/you didnt build that
catchphrase,/memes/tough-spongebob-i-only-cried-for-20-minutes,tough spongebob i only cried for 20 minutes
catchphrase,/memes/i-hope-senpai-will-notice-me,i hope senpai will notice me
catchphrase,/memes/2deep4u,2deep4u
catchphrase,/memes/ola-k-ase,ola k ase
catchphrase,/memes/420-blaze-it,420 blaze it
catchphrase,/memes/it-would-be-a-shame-if-something-happened-to-it,it would be a shame if something happened to it
catchphrase,/memes/i-will-find-you-and-i-will-kill-you,i will find you and i will kill you
catchphrase,/memes/we-did-it-reddit,we did it reddit
catchphrase,/memes/ow-the-edge,ow the edge
catchphrase,/memes/that-is-mahogany,that is mahogany
catchphrase,/memes/this-isnt-even-my-final-form,this isnt even my final form
catchphrase,/memes/you-had-one-job,you had one job
catchphrase,/memes/excuse-me-sir-do-you-have-a-moment-to-talk-about-jesus-christ,excuse me sir do you have a moment to talk about jesus christ
catchphrase,/memes/bronyspeak,bronyspeak
catchphrase,/memes/every-day-im-shufflin,every day im shufflin
catchphrase,/memes/we-are-the-99-percent,we are the 99 percent
catchphrase,/memes/5ever,5ever
catchphrase,/memes/still-a-better-love-story-than-twilight,still a better love story than twilight
catchphrase,/memes/i-want-the-old-facebook-back,i want the old facebook back
catchphrase,/memes/makmende,makmende
catchphrase,/memes/and-not-a-single-fuck-was-given-that-day,and not a single fuck was given that day
catchphrase,/memes/missed-the-like-button,missed the like button
catchphrase,/memes/events/jessi-slaughter,events/jessi slaughter
catchphrase,/memes/y-u-no-guy,y u no guy
catchphrase,/memes/i-throw-my-hands-up-in-the-air-sometimes-saying-ayo,i throw my hands up in the air sometimes saying ayo
catchphrase,/memes/dinkleberg,dinkleberg
catchphrase,/memes/a-very-difficult-decision,a very difficult decision
catchphrase,/memes/challenge-accepted,challenge accepted
catchphrase,/memes/come-at-me-bro,come at me bro
catchphrase,/memes/kim-jong-il-looking-at-things,kim jong il looking at things
catchphrase,/memes/based-god,based god
catchphrase,/memes/events/my-dad-is-li-gang-我爸是李刚,events/my dad is li gang 我爸是李刚
catchphrase,/memes/are-you-a-wizard,are you a wizard
catchphrase,/memes/i-know-that-feel-bro,i know that feel bro
catchphrase,/memes/its-something,its something
catchphrase,/memes/i-dont-want-to-live-on-this-planet-anymore,i dont want to live on this planet anymore
catchphrase,/memes/oh-my-god-karen-you-cant-just-ask-someone-why-theyre-white,oh my god karen you cant just ask someone why theyre white
catchphrase,/memes/bow-ties-are-cool,bow ties are cool
catchphrase,/memes/i-ve-seen-some-shit,i ve seen some shit
catchphrase,/memes/mer-il-et-fou,mer il et fou
catchphrase,/memes/thanks-obama,thanks obama
catchphrase,/memes/choo-choo-motherfucker,choo choo motherfucker
catchphrase,/memes/literally-hitler,literally hitler
catchphrase,/memes/haters-gonna-hate,haters gonna hate
catchphrase,/memes/im-twelve-years-old-and-what-is-this,im twelve years old and what is this
catchphrase,/memes/loneliness-party-寂寞党,loneliness party 寂寞党
catchphrase,/memes/dont-obsess-over-me-i-am-only-a-legend,dont obsess over me i am only a legend
catchphrase,/memes/has-anyone-really-been-far-even-as-decided-to-use-even-go-want-to-do-look-more-like,has anyone really been far even as decided to use even go want to do look more like
catchphrase,/memes/ronaldo,ronaldo
catchphrase,/memes/abandon-thread,abandon thread
catchphrase,/memes/oh-you-so-crazy,oh you so crazy
catchphrase,/memes/jia-jun-peng-your-mother-wants-you-to-come-home-for-dinner,jia jun peng your mother wants you to come home for dinner
catchphrase,/memes/barack-obama-is-your-new-bicycle,barack obama is your new bicycle
catchphrase,/memes/feels-good-man,feels good man
catchphrase,/memes/best-korea,best korea
catchphrase,/memes/wow-hot-a-what-baabhabhiat,wow hot a what baabhabhiat
snowclone,/memes/me-and-the-boys,me and the boys
snowclone,/memes/you-mess-with-crabo-you-get-a-stabo,you mess with crabo you get a stabo
snowclone,/memes/i-am-forcibly-removed-from-the-premises,i am forcibly removed from the premises
snowclone,/memes/whoppy-machine-broke,whoppy machine broke
snowclone,/memes/notices-bulge-owo-whats-this,notices bulge owo whats this
snowclone,/memes/and-in-that-moment-i-swear-we-were-infinite,and in that moment i swear we were infinite
snowclone,/memes/before-you-say-i-am-stoling-this-art-let-me-explain-you-a-thing,before you say i am stoling this art let me explain you a thing
snowclone,/memes/like-skyrim-with-guns,like skyrim with guns
snowclone,/memes/hitler-did-nothing-wrong,hitler did nothing wrong
snowclone,/memes/super-cool-ski-instructor,super cool ski instructor
snowclone,/memes/somebody-that-i-used-to-know,somebody that i used to know
snowclone,/memes/shit-im-late-for-school,shit im late for school
snowclone,/memes/bill-oreilly-you-cant-explain-that,bill oreilly you cant explain that
snowclone,/memes/why-not-both-why-dont-we-have-both,why not both why dont we have both
snowclone,/memes/imminent-ned-brace-yourselves-winter-is-coming,imminent ned brace yourselves winter is coming
snowclone,/memes/megyn-kelly-essentially,megyn kelly essentially
snowclone,/memes/the-rent-is-too-damn-high-jimmy-mcmillan,the rent is too damn high jimmy mcmillan
snowclone,/memes/events/2010-wikipedia-fundraising-campaign,events/2010 wikipedia fundraising campaign
snowclone,/memes/captain-hindsight,captain hindsight
snowclone,/memes/if-you-watch-x-backwards-its-about-y,if you watch x backwards its about y
snowclone,/memes/do-you-want-ants,do you want ants
snowclone,/memes/kanye-interrupts-imma-let-you-finish,kanye interrupts imma let you finish
snowclone,/memes/identifying-wood,identifying wood
snowclone,/memes/the-most-interesting-man-in-the-world,the most interesting man in the world
snowclone,/memes/pretty-cool-guy,pretty cool guy
snowclone,/memes/they-see-me-rollin,they see me rollin
snowclone,/memes/hitlers-downfall-parodies,hitlers downfall parodies
snowclone,/memes/in-a-nutshell,in a nutshell
snowclone,/memes/i-got-99-problems-but-a-bitch-aint-one,i got 99 problems but a bitch aint one
snowclone,/memes/snowclone,snowclone
snowclone,/memes/muh,muh
snowclone,/memes/swiggity-swag,swiggity swag
snowclone,/memes/every-time-you-masturbate-god-kills-a-kitten,every time you masturbate god kills a kitten
snowclone,/memes/a-wild-x-appears-wild-x-appeared,a wild x appears wild x appeared
snowclone,/memes/got-milk,got milk
snowclone,/memes/i-for-one-welcome-our-new-insect-overlords,i for one welcome our new insect overlords
snowclone,/memes/keep-calm-and-carry-on,keep calm and carry on
